"Jahr","Fachbereich","Mann","Frau","Total","Frau_Proz","Mann_Proz","Kategorie"
"2010/11","Theologie",124,153,277,55.2,44.8,"HS"
"2010/11","Sprach- und Literaturwissenschaften",819,2102,2921,72,28,"HS"
"2010/11","Historische und Kulturwissenschaften",1316,1659,2975,55.8,44.2,"HS"
"2010/11","Sozialwissenschaften",1847,3940,5787,68.1,31.9,"HS"
"2010/11","Geistes- und Sozialwissenschaften",278,366,644,56.8,43.2,"HS"
"2010/11","Wirtschaftswissenschaften",2204,923,3127,29.5,70.5,"HS"
"2010/11","Recht",1740,1986,3726,53.3,46.7,"HS"
"2010/11","Exakte Wissenschaften",2787,646,3433,18.8,81.2,"HS"
"2010/11","Naturwissenschaften",2686,2381,5067,47,53,"HS"
"2010/11","Exakte und Naturwissenschaften",556,540,1096,49.3,50.7,"HS"
"2010/11","Humanmedizin",956,1173,2129,55.1,44.9,"HS"
"2010/11","Zahnmedizin",140,261,401,65.1,34.9,"HS"
"2010/11","Veterinärmedizin",107,543,650,83.5,16.5,"HS"
"2010/11","Pharmazie",157,361,518,69.7,30.3,"HS"
"2010/11","Medizin und Pharmazie",27,33,60,55,45,"HS"
"2010/11","Bauwesen und Geodäsie",2077,1158,3235,35.8,64.2,"HS"
"2010/11","Maschinen- und Elektroingenieurwissenschaften",3600,573,4173,13.7,86.3,"HS"
"2010/11","Agrar- und Forstwissenschaften",282,441,723,61,39,"HS"
"2010/11","Technische Wissenschaften",388,117,505,23.2,76.8,"HS"
"2010/11","Interdisziplinäre und Andere",333,338,671,50.4,49.6,"HS"
"2011/12","Theologie",117,159,276,57.6,42.4,"HS"
"2011/12","Sprach- und Literaturwissenschaften",816,2120,2936,72.2,27.8,"HS"
"2011/12","Historische und Kulturwissenschaften",1336,1740,3076,56.6,43.4,"HS"
"2011/12","Sozialwissenschaften",1771,3927,5698,68.9,31.1,"HS"
"2011/12","Geistes- und Sozialwissenschaften",243,295,538,54.8,45.2,"HS"
"2011/12","Wirtschaftswissenschaften",2309,981,3290,29.8,70.2,"HS"
"2011/12","Recht",1604,1900,3504,54.2,45.8,"HS"
"2011/12","Exakte Wissenschaften",2986,709,3695,19.2,80.8,"HS"
"2011/12","Naturwissenschaften",2703,2383,5086,46.9,53.1,"HS"
"2011/12","Exakte und Naturwissenschaften",501,531,1032,51.5,48.5,"HS"
"2011/12","Humanmedizin",1007,1238,2245,55.1,44.9,"HS"
"2011/12","Zahnmedizin",160,273,433,63,37,"HS"
"2011/12","Veterinärmedizin",110,553,663,83.4,16.6,"HS"
"2011/12","Pharmazie",175,372,547,68,32,"HS"
"2011/12","Medizin und Pharmazie",37,51,88,58,42,"HS"
"2011/12","Bauwesen und Geodäsie",2211,1219,3430,35.5,64.5,"HS"
"2011/12","Maschinen- und Elektroingenieurwissenschaften",3796,580,4376,13.3,86.7,"HS"
"2011/12","Agrar- und Forstwissenschaften",281,466,747,62.4,37.6,"HS"
"2011/12","Technische Wissenschaften",530,226,756,29.9,70.1,"HS"
"2011/12","Interdisziplinäre und Andere",269,291,560,52,48,"HS"
"2012/13","Theologie",116,170,286,59.4,40.6,"HS"
"2012/13","Sprach- und Literaturwissenschaften",811,2071,2882,71.9,28.1,"HS"
"2012/13","Historische und Kulturwissenschaften",1294,1692,2986,56.7,43.3,"HS"
"2012/13","Sozialwissenschaften",1657,3791,5448,69.6,30.4,"HS"
"2012/13","Geistes- und Sozialwissenschaften",264,316,580,54.5,45.5,"HS"
"2012/13","Wirtschaftswissenschaften",2440,1065,3505,30.4,69.6,"HS"
"2012/13","Recht",1595,1954,3549,55.1,44.9,"HS"
"2012/13","Exakte Wissenschaften",3007,746,3753,19.9,80.1,"HS"
"2012/13","Naturwissenschaften",2781,2460,5241,46.9,53.1,"HS"
"2012/13","Exakte und Naturwissenschaften",476,498,974,51.1,48.9,"HS"
"2012/13","Humanmedizin",1037,1318,2355,56,44,"HS"
"2012/13","Zahnmedizin",161,260,421,61.8,38.2,"HS"
"2012/13","Veterinärmedizin",106,550,656,83.8,16.2,"HS"
"2012/13","Pharmazie",168,353,521,67.8,32.2,"HS"
"2012/13","Medizin und Pharmazie",34,46,80,57.5,42.5,"HS"
"2012/13","Bauwesen und Geodäsie",2283,1248,3531,35.3,64.7,"HS"
"2012/13","Maschinen- und Elektroingenieurwissenschaften",3935,589,4524,13,87,"HS"
"2012/13","Agrar- und Forstwissenschaften",304,463,767,60.4,39.6,"HS"
"2012/13","Technische Wissenschaften",703,424,1127,37.6,62.4,"HS"
"2012/13","Interdisziplinäre und Andere",224,250,474,52.7,47.3,"HS"
"2013/14","Theologie",105,155,260,59.6,40.4,"HS"
"2013/14","Sprach- und Literaturwissenschaften",811,2033,2844,71.5,28.5,"HS"
"2013/14","Historische und Kulturwissenschaften",1207,1635,2842,57.5,42.5,"HS"
"2013/14","Sozialwissenschaften",1613,3643,5256,69.3,30.7,"HS"
"2013/14","Geistes- und Sozialwissenschaften",249,305,554,55.1,44.9,"HS"
"2013/14","Wirtschaftswissenschaften",2459,1107,3566,31,69,"HS"
"2013/14","Recht",1626,2061,3687,55.9,44.1,"HS"
"2013/14","Exakte Wissenschaften",3144,773,3917,19.7,80.3,"HS"
"2013/14","Naturwissenschaften",2843,2473,5316,46.5,53.5,"HS"
"2013/14","Exakte und Naturwissenschaften",430,489,919,53.2,46.8,"HS"
"2013/14","Humanmedizin",1083,1350,2433,55.5,44.5,"HS"
"2013/14","Zahnmedizin",168,261,429,60.8,39.2,"HS"
"2013/14","Veterinärmedizin",101,570,671,84.9,15.1,"HS"
"2013/14","Pharmazie",164,329,493,66.7,33.3,"HS"
"2013/14","Medizin und Pharmazie",28,47,75,62.7,37.3,"HS"
"2013/14","Bauwesen und Geodäsie",2274,1238,3512,35.3,64.7,"HS"
"2013/14","Maschinen- und Elektroingenieurwissenschaften",4091,632,4723,13.4,86.6,"HS"
"2013/14","Agrar- und Forstwissenschaften",300,486,786,61.8,38.2,"HS"
"2013/14","Technische Wissenschaften",805,554,1359,40.8,59.2,"HS"
"2013/14","Interdisziplinäre und Andere",177,218,395,55.2,44.8,"HS"
"2014/15","Theologie",102,166,268,61.9,38.1,"HS"
"2014/15","Sprach- und Literaturwissenschaften",778,1968,2746,71.7,28.3,"HS"
"2014/15","Historische und Kulturwissenschaften",1189,1638,2827,57.9,42.1,"HS"
"2014/15","Sozialwissenschaften",1558,3600,5158,69.8,30.2,"HS"
"2014/15","Geistes- und Sozialwissenschaften",221,278,499,55.7,44.3,"HS"
"2014/15","Wirtschaftswissenschaften",2412,1039,3451,30.1,69.9,"HS"
"2014/15","Recht",1646,2132,3778,56.4,43.6,"HS"
"2014/15","Exakte Wissenschaften",3286,822,4108,20,80,"HS"
"2014/15","Naturwissenschaften",2865,2521,5386,46.8,53.2,"HS"
"2014/15","Exakte und Naturwissenschaften",452,486,938,51.8,48.2,"HS"
"2014/15","Humanmedizin",1128,1421,2549,55.7,44.3,"HS"
"2014/15","Zahnmedizin",164,263,427,61.6,38.4,"HS"
"2014/15","Veterinärmedizin",90,607,697,87.1,12.9,"HS"
"2014/15","Pharmazie",164,342,506,67.6,32.4,"HS"
"2014/15","Medizin und Pharmazie",23,47,70,67.1,32.9,"HS"
"2014/15","Bauwesen und Geodäsie",2244,1218,3462,35.2,64.8,"HS"
"2014/15","Maschinen- und Elektroingenieurwissenschaften",4226,698,4924,14.2,85.8,"HS"
"2014/15","Agrar- und Forstwissenschaften",306,530,836,63.4,36.6,"HS"
"2014/15","Technische Wissenschaften",890,654,1544,42.4,57.6,"HS"
"2014/15","Interdisziplinäre und Andere",173,174,347,50.1,49.9,"HS"
"2015/16","Theologie",108,180,288,62.5,37.5,"HS"
"2015/16","Sprach- und Literaturwissenschaften",770,1779,2549,69.8,30.2,"HS"
"2015/16","Historische und Kulturwissenschaften",1131,1545,2676,57.7,42.3,"HS"
"2015/16","Sozialwissenschaften",1471,3436,4907,70,30,"HS"
"2015/16","Geistes- und Sozialwissenschaften",219,271,490,55.3,44.7,"HS"
"2015/16","Wirtschaftswissenschaften",2346,1047,3393,30.9,69.1,"HS"
"2015/16","Recht",1587,2114,3701,57.1,42.9,"HS"
"2015/16","Exakte Wissenschaften",3506,894,4400,20.3,79.7,"HS"
"2015/16","Naturwissenschaften",2950,2706,5656,47.8,52.2,"HS"
"2015/16","Exakte und Naturwissenschaften",468,483,951,50.8,49.2,"HS"
"2015/16","Humanmedizin",1165,1489,2654,56.1,43.9,"HS"
"2015/16","Zahnmedizin",168,263,431,61,39,"HS"
"2015/16","Veterinärmedizin",95,639,734,87.1,12.9,"HS"
"2015/16","Pharmazie",154,315,469,67.2,32.8,"HS"
"2015/16","Medizin und Pharmazie",13,40,53,75.5,24.5,"HS"
"2015/16","Bauwesen und Geodäsie",2239,1238,3477,35.6,64.4,"HS"
"2015/16","Maschinen- und Elektroingenieurwissenschaften",4340,739,5079,14.6,85.4,"HS"
"2015/16","Agrar- und Forstwissenschaften",317,560,877,63.9,36.1,"HS"
"2015/16","Technische Wissenschaften",1013,729,1742,41.8,58.2,"HS"
"2015/16","Interdisziplinäre und Andere",123,142,265,53.6,46.4,"HS"
"2016/17","Theologie",115,179,294,60.9,39.1,"HS"
"2016/17","Sprach- und Literaturwissenschaften",759,1732,2491,69.5,30.5,"HS"
"2016/17","Historische und Kulturwissenschaften",1120,1564,2684,58.3,41.7,"HS"
"2016/17","Sozialwissenschaften",1450,3340,4790,69.7,30.3,"HS"
"2016/17","Geistes- und Sozialwissenschaften",213,262,475,55.2,44.8,"HS"
"2016/17","Wirtschaftswissenschaften",2257,1036,3293,31.5,68.5,"HS"
"2016/17","Recht",1539,2056,3595,57.2,42.8,"HS"
"2016/17","Exakte Wissenschaften",3866,963,4829,19.9,80.1,"HS"
"2016/17","Naturwissenschaften",3044,2944,5988,49.2,50.8,"HS"
"2016/17","Exakte und Naturwissenschaften",480,535,1015,52.7,47.3,"HS"
"2016/17","Humanmedizin",1252,1551,2803,55.3,44.7,"HS"
"2016/17","Zahnmedizin",169,271,440,61.6,38.4,"HS"
"2016/17","Veterinärmedizin",98,616,714,86.3,13.7,"HS"
"2016/17","Pharmazie",166,303,469,64.6,35.4,"HS"
"2016/17","Medizin und Pharmazie",14,38,52,73.1,26.9,"HS"
"2016/17","Bauwesen und Geodäsie",2164,1251,3415,36.6,63.4,"HS"
"2016/17","Maschinen- und Elektroingenieurwissenschaften",4352,767,5119,15,85,"HS"
"2016/17","Agrar- und Forstwissenschaften",326,599,925,64.8,35.2,"HS"
"2016/17","Technische Wissenschaften",1103,803,1906,42.1,57.9,"HS"
"2016/17","Interdisziplinäre und Andere",117,136,253,53.8,46.2,"HS"
"2017/18","Theologie",126,177,303,58.4,41.6,"HS"
"2017/18","Sprach- und Literaturwissenschaften",734,1714,2448,70,30,"HS"
"2017/18","Historische und Kulturwissenschaften",1109,1505,2614,57.6,42.4,"HS"
"2017/18","Sozialwissenschaften",1463,3404,4867,69.9,30.1,"HS"
"2017/18","Geistes- und Sozialwissenschaften",202,271,473,57.3,42.7,"HS"
"2017/18","Wirtschaftswissenschaften",2105,1039,3144,33,67,"HS"
"2017/18","Recht",1553,2008,3561,56.4,43.6,"HS"
"2017/18","Exakte Wissenschaften",4284,1032,5316,19.4,80.6,"HS"
"2017/18","Naturwissenschaften",3039,3026,6065,49.9,50.1,"HS"
"2017/18","Exakte und Naturwissenschaften",482,542,1024,52.9,47.1,"HS"
"2017/18","Humanmedizin",1329,1749,3078,56.8,43.2,"HS"
"2017/18","Zahnmedizin",172,271,443,61.2,38.8,"HS"
"2017/18","Veterinärmedizin",90,605,695,87.1,12.9,"HS"
"2017/18","Pharmazie",177,327,504,64.9,35.1,"HS"
"2017/18","Medizin und Pharmazie",19,47,66,71.2,28.8,"HS"
"2017/18","Bauwesen und Geodäsie",2128,1326,3454,38.4,61.6,"HS"
"2017/18","Maschinen- und Elektroingenieurwissenschaften",4418,812,5230,15.5,84.5,"HS"
"2017/18","Agrar- und Forstwissenschaften",303,606,909,66.7,33.3,"HS"
"2017/18","Technische Wissenschaften",1140,890,2030,43.8,56.2,"HS"
"2017/18","Interdisziplinäre und Andere",112,128,240,53.3,46.7,"HS"
"2018/19","Theologie",130,172,302,57,43,"HS"
"2018/19","Sprach- und Literaturwissenschaften",722,1690,2412,70.1,29.9,"HS"
"2018/19","Historische und Kulturwissenschaften",1110,1548,2658,58.2,41.8,"HS"
"2018/19","Sozialwissenschaften",1463,3387,4850,69.8,30.2,"HS"
"2018/19","Geistes- und Sozialwissenschaften",185,246,431,57.1,42.9,"HS"
"2018/19","Wirtschaftswissenschaften",2015,1035,3050,33.9,66.1,"HS"
"2018/19","Recht",1471,1934,3405,56.8,43.2,"HS"
"2018/19","Exakte Wissenschaften",4701,1167,5868,19.9,80.1,"HS"
"2018/19","Naturwissenschaften",3050,3095,6145,50.4,49.6,"HS"
"2018/19","Exakte und Naturwissenschaften",474,587,1061,55.3,44.7,"HS"
"2018/19","Humanmedizin",1409,1944,3353,58,42,"HS"
"2018/19","Zahnmedizin",167,281,448,62.7,37.3,"HS"
"2018/19","Veterinärmedizin",99,612,711,86.1,13.9,"HS"
"2018/19","Pharmazie",179,347,526,66,34,"HS"
"2018/19","Medizin und Pharmazie",30,47,77,61,39,"HS"
"2018/19","Bauwesen und Geodäsie",2079,1384,3463,40,60,"HS"
"2018/19","Maschinen- und Elektroingenieurwissenschaften",4414,869,5283,16.4,83.6,"HS"
"2018/19","Agrar- und Forstwissenschaften",315,619,934,66.3,33.7,"HS"
"2018/19","Technische Wissenschaften",1223,938,2161,43.4,56.6,"HS"
"2018/19","Interdisziplinäre und Andere",96,128,224,57.1,42.9,"HS"
"2019/20","Theologie",129,172,301,57.1,42.9,"HS"
"2019/20","Sprach- und Literaturwissenschaften",741,1688,2429,69.5,30.5,"HS"
"2019/20","Historische und Kulturwissenschaften",1105,1559,2664,58.5,41.5,"HS"
"2019/20","Sozialwissenschaften",1476,3503,4979,70.4,29.6,"HS"
"2019/20","Geistes- und Sozialwissenschaften",144,177,321,55.1,44.9,"HS"
"2019/20","Wirtschaftswissenschaften",2037,1082,3119,34.7,65.3,"HS"
"2019/20","Recht",1525,2050,3575,57.3,42.7,"HS"
"2019/20","Exakte Wissenschaften",5061,1307,6368,20.5,79.5,"HS"
"2019/20","Naturwissenschaften",2999,3212,6211,51.7,48.3,"HS"
"2019/20","Exakte und Naturwissenschaften",490,627,1117,56.1,43.9,"HS"
"2019/20","Humanmedizin",1470,2128,3598,59.1,40.9,"HS"
"2019/20","Zahnmedizin",179,267,446,59.9,40.1,"HS"
"2019/20","Veterinärmedizin",112,622,734,84.7,15.3,"HS"
"2019/20","Pharmazie",179,353,532,66.4,33.6,"HS"
"2019/20","Medizin und Pharmazie",32,60,92,65.2,34.8,"HS"
"2019/20","Bauwesen und Geodäsie",2053,1407,3460,40.7,59.3,"HS"
"2019/20","Maschinen- und Elektroingenieurwissenschaften",4503,920,5423,17,83,"HS"
"2019/20","Agrar- und Forstwissenschaften",312,598,910,65.7,34.3,"HS"
"2019/20","Technische Wissenschaften",1347,1050,2397,43.8,56.2,"HS"
"2019/20","Interdisziplinäre und Andere",91,122,213,57.3,42.7,"HS"
"2010/11","Angewandte Linguistik",108,401,509,78.8,21.2,"FH"
"2010/11","Angewandte Psychologie",198,517,715,72.3,27.7,"FH"
"2010/11","Architektur, Bau- und Planungswesen",403,132,535,24.7,75.3,"FH"
"2010/11","Chemie und Life Sciences",613,503,1116,45.1,54.9,"FH"
"2010/11","Design",345,364,709,51.3,48.7,"FH"
"2010/11","Gesundheit",120,1079,1199,90,10,"FH"
"2010/11","Land- und Forstwirtschaft",0,0,0,0,0,"FH"
"2010/11","Musik, Theater und andere Künste",601,963,1564,61.6,38.4,"FH"
"2010/11","Nicht zuteilbar",0,0,0,0,0,"FH"
"2010/11","Soziale Arbeit",169,490,659,74.4,25.6,"FH"
"2010/11","Sport",0,0,0,0,0,"FH"
"2010/11","Technik und IT",1723,120,1843,6.5,93.5,"FH"
"2010/11","Wirtschaft und Dienstleistungen",3504,2443,5947,41.1,58.9,"FH"
"2011/12","Angewandte Linguistik",99,335,434,77.2,22.8,"FH"
"2011/12","Angewandte Psychologie",201,540,741,72.9,27.1,"FH"
"2011/12","Architektur, Bau- und Planungswesen",404,145,549,26.4,73.6,"FH"
"2011/12","Chemie und Life Sciences",682,522,1204,43.4,56.6,"FH"
"2011/12","Design",324,350,674,51.9,48.1,"FH"
"2011/12","Gesundheit",131,1173,1304,90,10,"FH"
"2011/12","Land- und Forstwirtschaft",0,0,0,0,0,"FH"
"2011/12","Musik, Theater und andere Künste",584,930,1514,61.4,38.6,"FH"
"2011/12","Nicht zuteilbar",0,0,0,0,0,"FH"
"2011/12","Soziale Arbeit",172,515,687,75,25,"FH"
"2011/12","Sport",0,0,0,0,0,"FH"
"2011/12","Technik und IT",1743,114,1857,6.1,93.9,"FH"
"2011/12","Wirtschaft und Dienstleistungen",3745,2663,6408,41.6,58.4,"FH"
"2012/13","Angewandte Linguistik",88,335,423,79.2,20.8,"FH"
"2012/13","Angewandte Psychologie",223,657,880,74.7,25.3,"FH"
"2012/13","Architektur, Bau- und Planungswesen",385,167,552,30.3,69.7,"FH"
"2012/13","Chemie und Life Sciences",705,538,1243,43.3,56.7,"FH"
"2012/13","Design",266,313,579,54.1,45.9,"FH"
"2012/13","Gesundheit",169,1257,1426,88.1,11.9,"FH"
"2012/13","Land- und Forstwirtschaft",0,0,0,0,0,"FH"
"2012/13","Musik, Theater und andere Künste",669,958,1627,58.9,41.1,"FH"
"2012/13","Nicht zuteilbar",0,0,0,0,0,"FH"
"2012/13","Soziale Arbeit",176,571,747,76.4,23.6,"FH"
"2012/13","Sport",0,0,0,0,0,"FH"
"2012/13","Technik und IT",1863,141,2004,7,93,"FH"
"2012/13","Wirtschaft und Dienstleistungen",3920,2811,6731,41.8,58.2,"FH"
"2013/14","Angewandte Linguistik",91,358,449,79.7,20.3,"FH"
"2013/14","Angewandte Psychologie",226,704,930,75.7,24.3,"FH"
"2013/14","Architektur, Bau- und Planungswesen",381,166,547,30.3,69.7,"FH"
"2013/14","Chemie und Life Sciences",739,537,1276,42.1,57.9,"FH"
"2013/14","Design",259,310,569,54.5,45.5,"FH"
"2013/14","Gesundheit",144,1330,1474,90.2,9.8,"FH"
"2013/14","Land- und Forstwirtschaft",0,0,0,0,0,"FH"
"2013/14","Musik, Theater und andere Künste",665,900,1565,57.5,42.5,"FH"
"2013/14","Nicht zuteilbar",0,0,0,0,0,"FH"
"2013/14","Soziale Arbeit",189,599,788,76,24,"FH"
"2013/14","Sport",0,0,0,0,0,"FH"
"2013/14","Technik und IT",1912,163,2075,7.9,92.1,"FH"
"2013/14","Wirtschaft und Dienstleistungen",3928,2911,6839,42.6,57.4,"FH"
"2014/15","Angewandte Linguistik",90,353,443,79.7,20.3,"FH"
"2014/15","Angewandte Psychologie",232,811,1043,77.8,22.2,"FH"
"2014/15","Architektur, Bau- und Planungswesen",383,149,532,28,72,"FH"
"2014/15","Chemie und Life Sciences",708,505,1213,41.6,58.4,"FH"
"2014/15","Design",261,302,563,53.6,46.4,"FH"
"2014/15","Gesundheit",147,1365,1512,90.3,9.7,"FH"
"2014/15","Land- und Forstwirtschaft",0,0,0,0,0,"FH"
"2014/15","Musik, Theater und andere Künste",680,929,1609,57.7,42.3,"FH"
"2014/15","Nicht zuteilbar",0,0,0,0,0,"FH"
"2014/15","Soziale Arbeit",201,608,809,75.2,24.8,"FH"
"2014/15","Sport",0,0,0,0,0,"FH"
"2014/15","Technik und IT",1996,167,2163,7.7,92.3,"FH"
"2014/15","Wirtschaft und Dienstleistungen",3915,2864,6779,42.2,57.8,"FH"
"2015/16","Angewandte Linguistik",118,374,492,76,24,"FH"
"2015/16","Angewandte Psychologie",244,844,1088,77.6,22.4,"FH"
"2015/16","Architektur, Bau- und Planungswesen",353,128,481,26.6,73.4,"FH"
"2015/16","Chemie und Life Sciences",677,524,1201,43.6,56.4,"FH"
"2015/16","Design",252,299,551,54.3,45.7,"FH"
"2015/16","Gesundheit",178,1405,1583,88.8,11.2,"FH"
"2015/16","Land- und Forstwirtschaft",0,0,0,0,0,"FH"
"2015/16","Musik, Theater und andere Künste",714,940,1654,56.8,43.2,"FH"
"2015/16","Nicht zuteilbar",0,0,0,0,0,"FH"
"2015/16","Soziale Arbeit",205,619,824,75.1,24.9,"FH"
"2015/16","Sport",0,0,0,0,0,"FH"
"2015/16","Technik und IT",1986,168,2154,7.8,92.2,"FH"
"2015/16","Wirtschaft und Dienstleistungen",4133,2988,7121,42,58,"FH"
"2016/17","Angewandte Linguistik",107,410,517,79.3,20.7,"FH"
"2016/17","Angewandte Psychologie",231,849,1080,78.6,21.4,"FH"
"2016/17","Architektur, Bau- und Planungswesen",325,118,443,26.6,73.4,"FH"
"2016/17","Chemie und Life Sciences",739,573,1312,43.7,56.3,"FH"
"2016/17","Design",247,286,533,53.7,46.3,"FH"
"2016/17","Gesundheit",187,1469,1656,88.7,11.3,"FH"
"2016/17","Land- und Forstwirtschaft",0,0,0,0,0,"FH"
"2016/17","Musik, Theater und andere Künste",763,951,1714,55.5,44.5,"FH"
"2016/17","Nicht zuteilbar",0,0,0,0,0,"FH"
"2016/17","Soziale Arbeit",227,639,866,73.8,26.2,"FH"
"2016/17","Sport",0,0,0,0,0,"FH"
"2016/17","Technik und IT",2063,174,2237,7.8,92.2,"FH"
"2016/17","Wirtschaft und Dienstleistungen",4400,3147,7547,41.7,58.3,"FH"
"2017/18","Angewandte Linguistik",87,429,516,83.1,16.9,"FH"
"2017/18","Angewandte Psychologie",227,818,1045,78.3,21.7,"FH"
"2017/18","Architektur, Bau- und Planungswesen",337,117,454,25.8,74.2,"FH"
"2017/18","Chemie und Life Sciences",727,607,1334,45.5,54.5,"FH"
"2017/18","Design",215,256,471,54.4,45.6,"FH"
"2017/18","Gesundheit",206,1553,1759,88.3,11.7,"FH"
"2017/18","Land- und Forstwirtschaft",0,0,0,0,0,"FH"
"2017/18","Musik, Theater und andere Künste",791,984,1775,55.4,44.6,"FH"
"2017/18","Nicht zuteilbar",0,0,0,0,0,"FH"
"2017/18","Soziale Arbeit",238,632,870,72.6,27.4,"FH"
"2017/18","Sport",0,0,0,0,0,"FH"
"2017/18","Technik und IT",2115,206,2321,8.9,91.1,"FH"
"2017/18","Wirtschaft und Dienstleistungen",4637,3353,7990,42,58,"FH"
"2018/19","Angewandte Linguistik",88,415,503,82.5,17.5,"FH"
"2018/19","Angewandte Psychologie",255,884,1139,77.6,22.4,"FH"
"2018/19","Architektur, Bau- und Planungswesen",360,111,471,23.6,76.4,"FH"
"2018/19","Chemie und Life Sciences",724,627,1351,46.4,53.6,"FH"
"2018/19","Design",192,256,448,57.1,42.9,"FH"
"2018/19","Gesundheit",224,1637,1861,88,12,"FH"
"2018/19","Land- und Forstwirtschaft",0,0,0,0,0,"FH"
"2018/19","Musik, Theater und andere Künste",838,1052,1890,55.7,44.3,"FH"
"2018/19","Nicht zuteilbar",0,0,0,0,0,"FH"
"2018/19","Soziale Arbeit",254,639,893,71.6,28.4,"FH"
"2018/19","Sport",0,0,0,0,0,"FH"
"2018/19","Technik und IT",2149,231,2380,9.7,90.3,"FH"
"2018/19","Wirtschaft und Dienstleistungen",4606,3459,8065,42.9,57.1,"FH"
"2019/20","Angewandte Linguistik",84,391,475,82.3,17.7,"FH"
"2019/20","Angewandte Psychologie",265,940,1205,78,22,"FH"
"2019/20","Architektur, Bau- und Planungswesen",319,119,438,27.2,72.8,"FH"
"2019/20","Chemie und Life Sciences",717,697,1414,49.3,50.7,"FH"
"2019/20","Design",196,248,444,55.9,44.1,"FH"
"2019/20","Gesundheit",225,1667,1892,88.1,11.9,"FH"
"2019/20","Land- und Forstwirtschaft",0,0,0,0,0,"FH"
"2019/20","Musik, Theater und andere Künste",829,1087,1916,56.7,43.3,"FH"
"2019/20","Nicht zuteilbar",0,0,0,0,0,"FH"
"2019/20","Soziale Arbeit",237,665,902,73.7,26.3,"FH"
"2019/20","Sport",0,0,0,0,0,"FH"
"2019/20","Technik und IT",2205,250,2455,10.2,89.8,"FH"
"2019/20","Wirtschaft und Dienstleistungen",4539,3534,8073,43.8,56.2,"FH"
"2010/11","Berufsbildung allgemein",0,0,0,0,0,"PH"
"2010/11","Fachdidaktik",0,0,0,0,0,"PH"
"2010/11","Heilpädagogik",0,0,0,0,0,"PH"
"2010/11","Lehrkräfteausbildung allgemein",28,20,48,41.7,58.3,"PH"
"2010/11","Logopädie",0,0,0,0,0,"PH"
"2010/11","Psychomotoriktherapie",0,0,0,0,0,"PH"
"2010/11","Sekundarstufe I",269,487,756,64.4,35.6,"PH"
"2010/11","Sekundarstufe I und II zusammen",0,0,0,0,0,"PH"
"2010/11","Sekundarstufe II (Berufsbildung)",0,0,0,0,0,"PH"
"2010/11","Sekundarstufe II (Gymnasiale Maturitätsschulen)",0,0,0,0,0,"PH"
"2010/11","Vorschul- und Primarstufe",135,992,1127,88,12,"PH"
"2011/12","Berufsbildung allgemein",0,0,0,0,0,"PH"
"2011/12","Fachdidaktik",7,8,15,53.3,46.7,"PH"
"2011/12","Heilpädagogik",0,0,0,0,0,"PH"
"2011/12","Lehrkräfteausbildung allgemein",25,23,48,47.9,52.1,"PH"
"2011/12","Logopädie",0,0,0,0,0,"PH"
"2011/12","Psychomotoriktherapie",0,0,0,0,0,"PH"
"2011/12","Sekundarstufe I",245,436,681,64,36,"PH"
"2011/12","Sekundarstufe I und II zusammen",0,0,0,0,0,"PH"
"2011/12","Sekundarstufe II (Berufsbildung)",44,21,65,32.3,67.7,"PH"
"2011/12","Sekundarstufe II (Gymnasiale Maturitätsschulen)",0,0,0,0,0,"PH"
"2011/12","Vorschul- und Primarstufe",149,1088,1237,88,12,"PH"
"2012/13","Berufsbildung allgemein",0,0,0,0,0,"PH"
"2012/13","Fachdidaktik",9,14,23,60.9,39.1,"PH"
"2012/13","Heilpädagogik",0,0,0,0,0,"PH"
"2012/13","Lehrkräfteausbildung allgemein",14,12,26,46.2,53.8,"PH"
"2012/13","Logopädie",0,0,0,0,0,"PH"
"2012/13","Psychomotoriktherapie",0,0,0,0,0,"PH"
"2012/13","Sekundarstufe I",310,492,802,61.3,38.7,"PH"
"2012/13","Sekundarstufe I und II zusammen",0,0,0,0,0,"PH"
"2012/13","Sekundarstufe II (Berufsbildung)",100,63,163,38.7,61.3,"PH"
"2012/13","Sekundarstufe II (Gymnasiale Maturitätsschulen)",0,0,0,0,0,"PH"
"2012/13","Vorschul- und Primarstufe",231,1474,1705,86.5,13.5,"PH"
"2013/14","Berufsbildung allgemein",0,0,0,0,0,"PH"
"2013/14","Fachdidaktik",16,29,45,64.4,35.6,"PH"
"2013/14","Heilpädagogik",0,0,0,0,0,"PH"
"2013/14","Lehrkräfteausbildung allgemein",9,6,15,40,60,"PH"
"2013/14","Logopädie",0,0,0,0,0,"PH"
"2013/14","Psychomotoriktherapie",0,0,0,0,0,"PH"
"2013/14","Sekundarstufe I",386,541,927,58.4,41.6,"PH"
"2013/14","Sekundarstufe I und II zusammen",0,0,0,0,0,"PH"
"2013/14","Sekundarstufe II (Berufsbildung)",163,128,291,44,56,"PH"
"2013/14","Sekundarstufe II (Gymnasiale Maturitätsschulen)",0,0,0,0,0,"PH"
"2013/14","Vorschul- und Primarstufe",285,1659,1944,85.3,14.7,"PH"
"2014/15","Berufsbildung allgemein",0,0,0,0,0,"PH"
"2014/15","Fachdidaktik",22,32,54,59.3,40.7,"PH"
"2014/15","Heilpädagogik",0,0,0,0,0,"PH"
"2014/15","Lehrkräfteausbildung allgemein",11,6,17,35.3,64.7,"PH"
"2014/15","Logopädie",0,0,0,0,0,"PH"
"2014/15","Psychomotoriktherapie",0,0,0,0,0,"PH"
"2014/15","Sekundarstufe I",400,567,967,58.6,41.4,"PH"
"2014/15","Sekundarstufe I und II zusammen",0,0,0,0,0,"PH"
"2014/15","Sekundarstufe II (Berufsbildung)",187,144,331,43.5,56.5,"PH"
"2014/15","Sekundarstufe II (Gymnasiale Maturitätsschulen)",4,3,7,42.9,57.1,"PH"
"2014/15","Vorschul- und Primarstufe",295,1677,1972,85,15,"PH"
"2015/16","Berufsbildung allgemein",0,0,0,0,0,"PH"
"2015/16","Fachdidaktik",24,37,61,60.7,39.3,"PH"
"2015/16","Heilpädagogik",0,0,0,0,0,"PH"
"2015/16","Lehrkräfteausbildung allgemein",8,0,8,0,100,"PH"
"2015/16","Logopädie",0,0,0,0,0,"PH"
"2015/16","Psychomotoriktherapie",0,0,0,0,0,"PH"
"2015/16","Sekundarstufe I",435,565,1000,56.5,43.5,"PH"
"2015/16","Sekundarstufe I und II zusammen",0,0,0,0,0,"PH"
"2015/16","Sekundarstufe II (Berufsbildung)",199,156,355,43.9,56.1,"PH"
"2015/16","Sekundarstufe II (Gymnasiale Maturitätsschulen)",12,5,17,29.4,70.6,"PH"
"2015/16","Vorschul- und Primarstufe",325,1676,2001,83.8,16.2,"PH"
"2016/17","Berufsbildung allgemein",0,0,0,0,0,"PH"
"2016/17","Fachdidaktik",24,26,50,52,48,"PH"
"2016/17","Heilpädagogik",0,0,0,0,0,"PH"
"2016/17","Lehrkräfteausbildung allgemein",5,6,11,54.5,45.5,"PH"
"2016/17","Logopädie",0,0,0,0,0,"PH"
"2016/17","Psychomotoriktherapie",0,0,0,0,0,"PH"
"2016/17","Sekundarstufe I",433,543,976,55.6,44.4,"PH"
"2016/17","Sekundarstufe I und II zusammen",0,0,0,0,0,"PH"
"2016/17","Sekundarstufe II (Berufsbildung)",197,170,367,46.3,53.7,"PH"
"2016/17","Sekundarstufe II (Gymnasiale Maturitätsschulen)",12,9,21,42.9,57.1,"PH"
"2016/17","Vorschul- und Primarstufe",346,1634,1980,82.5,17.5,"PH"
"2017/18","Berufsbildung allgemein",0,0,0,0,0,"PH"
"2017/18","Fachdidaktik",26,41,67,61.2,38.8,"PH"
"2017/18","Heilpädagogik",0,0,0,0,0,"PH"
"2017/18","Lehrkräfteausbildung allgemein",11,4,15,26.7,73.3,"PH"
"2017/18","Logopädie",0,0,0,0,0,"PH"
"2017/18","Psychomotoriktherapie",0,0,0,0,0,"PH"
"2017/18","Sekundarstufe I",456,542,998,54.3,45.7,"PH"
"2017/18","Sekundarstufe I und II zusammen",0,0,0,0,0,"PH"
"2017/18","Sekundarstufe II (Berufsbildung)",167,150,317,47.3,52.7,"PH"
"2017/18","Sekundarstufe II (Gymnasiale Maturitätsschulen)",10,8,18,44.4,55.6,"PH"
"2017/18","Vorschul- und Primarstufe",390,1630,2020,80.7,19.3,"PH"
"2018/19","Berufsbildung allgemein",0,0,0,0,0,"PH"
"2018/19","Fachdidaktik",37,75,112,67,33,"PH"
"2018/19","Heilpädagogik",0,0,0,0,0,"PH"
"2018/19","Lehrkräfteausbildung allgemein",5,9,14,64.3,35.7,"PH"
"2018/19","Logopädie",0,0,0,0,0,"PH"
"2018/19","Psychomotoriktherapie",0,0,0,0,0,"PH"
"2018/19","Sekundarstufe I",490,567,1057,53.6,46.4,"PH"
"2018/19","Sekundarstufe I und II zusammen",0,0,0,0,0,"PH"
"2018/19","Sekundarstufe II (Berufsbildung)",183,160,343,46.6,53.4,"PH"
"2018/19","Sekundarstufe II (Gymnasiale Maturitätsschulen)",6,9,15,60,40,"PH"
"2018/19","Vorschul- und Primarstufe",423,1640,2063,79.5,20.5,"PH"
"2019/20","Berufsbildung allgemein",0,0,0,0,0,"PH"
"2019/20","Fachdidaktik",36,91,127,71.7,28.3,"PH"
"2019/20","Heilpädagogik",0,0,0,0,0,"PH"
"2019/20","Lehrkräfteausbildung allgemein",4,7,11,63.6,36.4,"PH"
"2019/20","Logopädie",0,0,0,0,0,"PH"
"2019/20","Psychomotoriktherapie",0,0,0,0,0,"PH"
"2019/20","Sekundarstufe I",474,544,1018,53.4,46.6,"PH"
"2019/20","Sekundarstufe I und II zusammen",0,0,0,0,0,"PH"
"2019/20","Sekundarstufe II (Berufsbildung)",187,183,370,49.5,50.5,"PH"
"2019/20","Sekundarstufe II (Gymnasiale Maturitätsschulen)",7,10,17,58.8,41.2,"PH"
"2019/20","Vorschul- und Primarstufe",439,1640,2079,78.9,21.1,"PH"
