"Jahr","Fachbereich","Geschlecht","UZH","ETHZ","Total_Fachbereich_Geschlecht","Total_Fachbereich","Total_Jahr","Total_Jahr_Geschlecht","prop_Jahr_Geschlecht","prop_Jahr_Fachbereich_Geschlecht"
"2019/20"," Theologie","Mann",129,0,129,301,48889,25985,53.15,42.86
"2019/20"," Theologie","Frau",172,0,172,301,48889,22904,46.85,57.14
"2019/20"," Sprach- und Literaturwissenschaften","Mann",741,0,741,2429,48889,25985,53.15,30.51
"2019/20"," Sprach- und Literaturwissenschaften","Frau",1688,0,1688,2429,48889,22904,46.85,69.49
"2019/20"," Historische und Kulturwissenschaften","Mann",1091,14,1105,2664,48889,25985,53.15,41.48
"2019/20"," Historische und Kulturwissenschaften","Frau",1539,20,1559,2664,48889,22904,46.85,58.52
"2019/20"," Sozialwissenschaften","Mann",1431,45,1476,4979,48889,25985,53.15,29.64
"2019/20"," Sozialwissenschaften","Frau",3457,46,3503,4979,48889,22904,46.85,70.36
"2019/20"," Geistes- und Sozialwissenschaften","Mann",75,69,144,321,48889,25985,53.15,44.86
"2019/20"," Geistes- und Sozialwissenschaften","Frau",131,46,177,321,48889,22904,46.85,55.14
"2019/20"," Wirtschaftswissenschaften","Mann",2037,0,2037,3119,48889,25985,53.15,65.31
"2019/20"," Wirtschaftswissenschaften","Frau",1082,0,1082,3119,48889,22904,46.85,34.69
"2019/20"," Recht","Mann",1525,0,1525,3575,48889,25985,53.15,42.66
"2019/20"," Recht","Frau",2050,0,2050,3575,48889,22904,46.85,57.34
"2019/20"," Exakte Wissenschaften","Mann",1089,3972,5061,6368,48889,25985,53.15,79.48
"2019/20"," Exakte Wissenschaften","Frau",427,880,1307,6368,48889,22904,46.85,20.52
"2019/20"," Naturwissenschaften","Mann",1672,1327,2999,6211,48889,25985,53.15,48.29
"2019/20"," Naturwissenschaften","Frau",2258,954,3212,6211,48889,22904,46.85,51.71
"2019/20"," Exakte und Naturwissenschaften","Mann",1,489,490,1117,48889,25985,53.15,43.87
"2019/20"," Exakte und Naturwissenschaften","Frau",2,625,627,1117,48889,22904,46.85,56.13
"2019/20"," Humanmedizin","Mann",1347,123,1470,3598,48889,25985,53.15,40.86
"2019/20"," Humanmedizin","Frau",1965,163,2128,3598,48889,22904,46.85,59.14
"2019/20"," Zahnmedizin","Mann",179,0,179,446,48889,25985,53.15,40.13
"2019/20"," Zahnmedizin","Frau",267,0,267,446,48889,22904,46.85,59.87
"2019/20"," Veterinärmedizin","Mann",112,0,112,734,48889,25985,53.15,15.26
"2019/20"," Veterinärmedizin","Frau",622,0,622,734,48889,22904,46.85,84.74
"2019/20"," Pharmazie","Mann",0,179,179,532,48889,25985,53.15,33.65
"2019/20"," Pharmazie","Frau",0,353,353,532,48889,22904,46.85,66.35
"2019/20"," Medizin und Pharmazie","Mann",32,0,32,92,48889,25985,53.15,34.78
"2019/20"," Medizin und Pharmazie","Frau",60,0,60,92,48889,22904,46.85,65.22
"2019/20"," Bauwesen und Geodäsie","Mann",0,2053,2053,3460,48889,25985,53.15,59.34
"2019/20"," Bauwesen und Geodäsie","Frau",0,1407,1407,3460,48889,22904,46.85,40.66
"2019/20"," Maschinen- und Elektroingenieurwissenschaften","Mann",0,4503,4503,5423,48889,25985,53.15,83.04
"2019/20"," Maschinen- und Elektroingenieurwissenschaften","Frau",0,920,920,5423,48889,22904,46.85,16.96
"2019/20"," Agrar- und Forstwissenschaften","Mann",0,312,312,910,48889,25985,53.15,34.29
"2019/20"," Agrar- und Forstwissenschaften","Frau",0,598,598,910,48889,22904,46.85,65.71
"2019/20"," Technische Wissenschaften","Mann",0,1347,1347,2397,48889,25985,53.15,56.2
"2019/20"," Technische Wissenschaften","Frau",0,1050,1050,2397,48889,22904,46.85,43.8
"2019/20"," Interdisziplinäre und Andere","Mann",23,68,91,213,48889,25985,53.15,42.72
"2019/20"," Interdisziplinäre und Andere","Frau",76,46,122,213,48889,22904,46.85,57.28
"2018/19"," Theologie","Mann",130,0,130,302,47362,25332,53.49,43.05
"2018/19"," Theologie","Frau",172,0,172,302,47362,22030,46.51,56.95
"2018/19"," Sprach- und Literaturwissenschaften","Mann",722,0,722,2412,47362,25332,53.49,29.93
"2018/19"," Sprach- und Literaturwissenschaften","Frau",1690,0,1690,2412,47362,22030,46.51,70.07
"2018/19"," Historische und Kulturwissenschaften","Mann",1094,16,1110,2658,47362,25332,53.49,41.76
"2018/19"," Historische und Kulturwissenschaften","Frau",1528,20,1548,2658,47362,22030,46.51,58.24
"2018/19"," Sozialwissenschaften","Mann",1424,39,1463,4850,47362,25332,53.49,30.16
"2018/19"," Sozialwissenschaften","Frau",3343,44,3387,4850,47362,22030,46.51,69.84
"2018/19"," Geistes- und Sozialwissenschaften","Mann",105,80,185,431,47362,25332,53.49,42.92
"2018/19"," Geistes- und Sozialwissenschaften","Frau",207,39,246,431,47362,22030,46.51,57.08
"2018/19"," Wirtschaftswissenschaften","Mann",2015,0,2015,3050,47362,25332,53.49,66.07
"2018/19"," Wirtschaftswissenschaften","Frau",1035,0,1035,3050,47362,22030,46.51,33.93
"2018/19"," Recht","Mann",1471,0,1471,3405,47362,25332,53.49,43.2
"2018/19"," Recht","Frau",1934,0,1934,3405,47362,22030,46.51,56.8
"2018/19"," Exakte Wissenschaften","Mann",1000,3701,4701,5868,47362,25332,53.49,80.11
"2018/19"," Exakte Wissenschaften","Frau",402,765,1167,5868,47362,22030,46.51,19.89
"2018/19"," Naturwissenschaften","Mann",1641,1409,3050,6145,47362,25332,53.49,49.63
"2018/19"," Naturwissenschaften","Frau",2136,959,3095,6145,47362,22030,46.51,50.37
"2018/19"," Exakte und Naturwissenschaften","Mann",1,473,474,1061,47362,25332,53.49,44.67
"2018/19"," Exakte und Naturwissenschaften","Frau",3,584,587,1061,47362,22030,46.51,55.33
"2018/19"," Humanmedizin","Mann",1327,82,1409,3353,47362,25332,53.49,42.02
"2018/19"," Humanmedizin","Frau",1834,110,1944,3353,47362,22030,46.51,57.98
"2018/19"," Zahnmedizin","Mann",167,0,167,448,47362,25332,53.49,37.28
"2018/19"," Zahnmedizin","Frau",281,0,281,448,47362,22030,46.51,62.72
"2018/19"," Veterinärmedizin","Mann",99,0,99,711,47362,25332,53.49,13.92
"2018/19"," Veterinärmedizin","Frau",612,0,612,711,47362,22030,46.51,86.08
"2018/19"," Pharmazie","Mann",0,179,179,526,47362,25332,53.49,34.03
"2018/19"," Pharmazie","Frau",0,347,347,526,47362,22030,46.51,65.97
"2018/19"," Medizin und Pharmazie","Mann",30,0,30,77,47362,25332,53.49,38.96
"2018/19"," Medizin und Pharmazie","Frau",47,0,47,77,47362,22030,46.51,61.04
"2018/19"," Bauwesen und Geodäsie","Mann",0,2079,2079,3463,47362,25332,53.49,60.03
"2018/19"," Bauwesen und Geodäsie","Frau",0,1384,1384,3463,47362,22030,46.51,39.97
"2018/19"," Maschinen- und Elektroingenieurwissenschaften","Mann",0,4414,4414,5283,47362,25332,53.49,83.55
"2018/19"," Maschinen- und Elektroingenieurwissenschaften","Frau",0,869,869,5283,47362,22030,46.51,16.45
"2018/19"," Agrar- und Forstwissenschaften","Mann",0,315,315,934,47362,25332,53.49,33.73
"2018/19"," Agrar- und Forstwissenschaften","Frau",0,619,619,934,47362,22030,46.51,66.27
"2018/19"," Technische Wissenschaften","Mann",0,1223,1223,2161,47362,25332,53.49,56.59
"2018/19"," Technische Wissenschaften","Frau",0,938,938,2161,47362,22030,46.51,43.41
"2018/19"," Interdisziplinäre und Andere","Mann",24,72,96,224,47362,25332,53.49,42.86
"2018/19"," Interdisziplinäre und Andere","Frau",82,46,128,224,47362,22030,46.51,57.14
"2017/18"," Theologie","Mann",126,0,126,303,46464,24985,53.77,41.58
"2017/18"," Theologie","Frau",177,0,177,303,46464,21479,46.23,58.42
"2017/18"," Sprach- und Literaturwissenschaften","Mann",734,0,734,2448,46464,24985,53.77,29.98
"2017/18"," Sprach- und Literaturwissenschaften","Frau",1714,0,1714,2448,46464,21479,46.23,70.02
"2017/18"," Historische und Kulturwissenschaften","Mann",1085,24,1109,2614,46464,24985,53.77,42.43
"2017/18"," Historische und Kulturwissenschaften","Frau",1480,25,1505,2614,46464,21479,46.23,57.57
"2017/18"," Sozialwissenschaften","Mann",1428,35,1463,4867,46464,24985,53.77,30.06
"2017/18"," Sozialwissenschaften","Frau",3367,37,3404,4867,46464,21479,46.23,69.94
"2017/18"," Geistes- und Sozialwissenschaften","Mann",128,74,202,473,46464,24985,53.77,42.71
"2017/18"," Geistes- und Sozialwissenschaften","Frau",233,38,271,473,46464,21479,46.23,57.29
"2017/18"," Wirtschaftswissenschaften","Mann",2105,0,2105,3144,46464,24985,53.77,66.95
"2017/18"," Wirtschaftswissenschaften","Frau",1039,0,1039,3144,46464,21479,46.23,33.05
"2017/18"," Recht","Mann",1553,0,1553,3561,46464,24985,53.77,43.61
"2017/18"," Recht","Frau",2008,0,2008,3561,46464,21479,46.23,56.39
"2017/18"," Exakte Wissenschaften","Mann",917,3367,4284,5316,46464,24985,53.77,80.59
"2017/18"," Exakte Wissenschaften","Frau",349,683,1032,5316,46464,21479,46.23,19.41
"2017/18"," Naturwissenschaften","Mann",1651,1388,3039,6065,46464,24985,53.77,50.11
"2017/18"," Naturwissenschaften","Frau",2048,978,3026,6065,46464,21479,46.23,49.89
"2017/18"," Exakte und Naturwissenschaften","Mann",1,481,482,1024,46464,24985,53.77,47.07
"2017/18"," Exakte und Naturwissenschaften","Frau",3,539,542,1024,46464,21479,46.23,52.93
"2017/18"," Humanmedizin","Mann",1285,44,1329,3078,46464,24985,53.77,43.18
"2017/18"," Humanmedizin","Frau",1694,55,1749,3078,46464,21479,46.23,56.82
"2017/18"," Zahnmedizin","Mann",172,0,172,443,46464,24985,53.77,38.83
"2017/18"," Zahnmedizin","Frau",271,0,271,443,46464,21479,46.23,61.17
"2017/18"," Veterinärmedizin","Mann",90,0,90,695,46464,24985,53.77,12.95
"2017/18"," Veterinärmedizin","Frau",605,0,605,695,46464,21479,46.23,87.05
"2017/18"," Pharmazie","Mann",0,177,177,504,46464,24985,53.77,35.12
"2017/18"," Pharmazie","Frau",0,327,327,504,46464,21479,46.23,64.88
"2017/18"," Medizin und Pharmazie","Mann",19,0,19,66,46464,24985,53.77,28.79
"2017/18"," Medizin und Pharmazie","Frau",47,0,47,66,46464,21479,46.23,71.21
"2017/18"," Bauwesen und Geodäsie","Mann",0,2128,2128,3454,46464,24985,53.77,61.61
"2017/18"," Bauwesen und Geodäsie","Frau",0,1326,1326,3454,46464,21479,46.23,38.39
"2017/18"," Maschinen- und Elektroingenieurwissenschaften","Mann",0,4418,4418,5230,46464,24985,53.77,84.47
"2017/18"," Maschinen- und Elektroingenieurwissenschaften","Frau",0,812,812,5230,46464,21479,46.23,15.53
"2017/18"," Agrar- und Forstwissenschaften","Mann",0,303,303,909,46464,24985,53.77,33.33
"2017/18"," Agrar- und Forstwissenschaften","Frau",0,606,606,909,46464,21479,46.23,66.67
"2017/18"," Technische Wissenschaften","Mann",0,1140,1140,2030,46464,24985,53.77,56.16
"2017/18"," Technische Wissenschaften","Frau",0,890,890,2030,46464,21479,46.23,43.84
"2017/18"," Interdisziplinäre und Andere","Mann",32,80,112,240,46464,24985,53.77,46.67
"2017/18"," Interdisziplinäre und Andere","Frau",72,56,128,240,46464,21479,46.23,53.33
"2016/17"," Theologie","Mann",115,0,115,294,45550,24604,54.02,39.12
"2016/17"," Theologie","Frau",179,0,179,294,45550,20946,45.98,60.88
"2016/17"," Sprach- und Literaturwissenschaften","Mann",759,0,759,2491,45550,24604,54.02,30.47
"2016/17"," Sprach- und Literaturwissenschaften","Frau",1732,0,1732,2491,45550,20946,45.98,69.53
"2016/17"," Historische und Kulturwissenschaften","Mann",1095,25,1120,2684,45550,24604,54.02,41.73
"2016/17"," Historische und Kulturwissenschaften","Frau",1539,25,1564,2684,45550,20946,45.98,58.27
"2016/17"," Sozialwissenschaften","Mann",1428,22,1450,4790,45550,24604,54.02,30.27
"2016/17"," Sozialwissenschaften","Frau",3308,32,3340,4790,45550,20946,45.98,69.73
"2016/17"," Geistes- und Sozialwissenschaften","Mann",149,64,213,475,45550,24604,54.02,44.84
"2016/17"," Geistes- und Sozialwissenschaften","Frau",225,37,262,475,45550,20946,45.98,55.16
"2016/17"," Wirtschaftswissenschaften","Mann",2257,0,2257,3293,45550,24604,54.02,68.54
"2016/17"," Wirtschaftswissenschaften","Frau",1036,0,1036,3293,45550,20946,45.98,31.46
"2016/17"," Recht","Mann",1539,0,1539,3595,45550,24604,54.02,42.81
"2016/17"," Recht","Frau",2056,0,2056,3595,45550,20946,45.98,57.19
"2016/17"," Exakte Wissenschaften","Mann",771,3095,3866,4829,45550,24604,54.02,80.06
"2016/17"," Exakte Wissenschaften","Frau",330,633,963,4829,45550,20946,45.98,19.94
"2016/17"," Naturwissenschaften","Mann",1627,1417,3044,5988,45550,24604,54.02,50.84
"2016/17"," Naturwissenschaften","Frau",1987,957,2944,5988,45550,20946,45.98,49.16
"2016/17"," Exakte und Naturwissenschaften","Mann",1,479,480,1015,45550,24604,54.02,47.29
"2016/17"," Exakte und Naturwissenschaften","Frau",3,532,535,1015,45550,20946,45.98,52.71
"2016/17"," Humanmedizin","Mann",1252,0,1252,2803,45550,24604,54.02,44.67
"2016/17"," Humanmedizin","Frau",1551,0,1551,2803,45550,20946,45.98,55.33
"2016/17"," Zahnmedizin","Mann",169,0,169,440,45550,24604,54.02,38.41
"2016/17"," Zahnmedizin","Frau",271,0,271,440,45550,20946,45.98,61.59
"2016/17"," Veterinärmedizin","Mann",98,0,98,714,45550,24604,54.02,13.73
"2016/17"," Veterinärmedizin","Frau",616,0,616,714,45550,20946,45.98,86.27
"2016/17"," Pharmazie","Mann",0,166,166,469,45550,24604,54.02,35.39
"2016/17"," Pharmazie","Frau",0,303,303,469,45550,20946,45.98,64.61
"2016/17"," Medizin und Pharmazie","Mann",14,0,14,52,45550,24604,54.02,26.92
"2016/17"," Medizin und Pharmazie","Frau",38,0,38,52,45550,20946,45.98,73.08
"2016/17"," Bauwesen und Geodäsie","Mann",0,2164,2164,3415,45550,24604,54.02,63.37
"2016/17"," Bauwesen und Geodäsie","Frau",0,1251,1251,3415,45550,20946,45.98,36.63
"2016/17"," Maschinen- und Elektroingenieurwissenschaften","Mann",0,4352,4352,5119,45550,24604,54.02,85.02
"2016/17"," Maschinen- und Elektroingenieurwissenschaften","Frau",0,767,767,5119,45550,20946,45.98,14.98
"2016/17"," Agrar- und Forstwissenschaften","Mann",0,326,326,925,45550,24604,54.02,35.24
"2016/17"," Agrar- und Forstwissenschaften","Frau",0,599,599,925,45550,20946,45.98,64.76
"2016/17"," Technische Wissenschaften","Mann",0,1103,1103,1906,45550,24604,54.02,57.87
"2016/17"," Technische Wissenschaften","Frau",0,803,803,1906,45550,20946,45.98,42.13
"2016/17"," Interdisziplinäre und Andere","Mann",31,86,117,253,45550,24604,54.02,46.25
"2016/17"," Interdisziplinäre und Andere","Frau",72,64,136,253,45550,20946,45.98,53.75
"2015/16"," Theologie","Mann",108,0,108,288,44792,24183,53.99,37.5
"2015/16"," Theologie","Frau",180,0,180,288,44792,20609,46.01,62.5
"2015/16"," Sprach- und Literaturwissenschaften","Mann",770,0,770,2549,44792,24183,53.99,30.21
"2015/16"," Sprach- und Literaturwissenschaften","Frau",1779,0,1779,2549,44792,20609,46.01,69.79
"2015/16"," Historische und Kulturwissenschaften","Mann",1102,29,1131,2676,44792,24183,53.99,42.26
"2015/16"," Historische und Kulturwissenschaften","Frau",1523,22,1545,2676,44792,20609,46.01,57.74
"2015/16"," Sozialwissenschaften","Mann",1446,25,1471,4907,44792,24183,53.99,29.98
"2015/16"," Sozialwissenschaften","Frau",3405,31,3436,4907,44792,20609,46.01,70.02
"2015/16"," Geistes- und Sozialwissenschaften","Mann",158,61,219,490,44792,24183,53.99,44.69
"2015/16"," Geistes- und Sozialwissenschaften","Frau",234,37,271,490,44792,20609,46.01,55.31
"2015/16"," Wirtschaftswissenschaften","Mann",2346,0,2346,3393,44792,24183,53.99,69.14
"2015/16"," Wirtschaftswissenschaften","Frau",1047,0,1047,3393,44792,20609,46.01,30.86
"2015/16"," Recht","Mann",1587,0,1587,3701,44792,24183,53.99,42.88
"2015/16"," Recht","Frau",2114,0,2114,3701,44792,20609,46.01,57.12
"2015/16"," Exakte Wissenschaften","Mann",651,2855,3506,4400,44792,24183,53.99,79.68
"2015/16"," Exakte Wissenschaften","Frau",306,588,894,4400,44792,20609,46.01,20.32
"2015/16"," Naturwissenschaften","Mann",1529,1421,2950,5656,44792,24183,53.99,52.16
"2015/16"," Naturwissenschaften","Frau",1796,910,2706,5656,44792,20609,46.01,47.84
"2015/16"," Exakte und Naturwissenschaften","Mann",1,467,468,951,44792,24183,53.99,49.21
"2015/16"," Exakte und Naturwissenschaften","Frau",3,480,483,951,44792,20609,46.01,50.79
"2015/16"," Humanmedizin","Mann",1165,0,1165,2654,44792,24183,53.99,43.9
"2015/16"," Humanmedizin","Frau",1489,0,1489,2654,44792,20609,46.01,56.1
"2015/16"," Zahnmedizin","Mann",168,0,168,431,44792,24183,53.99,38.98
"2015/16"," Zahnmedizin","Frau",263,0,263,431,44792,20609,46.01,61.02
"2015/16"," Veterinärmedizin","Mann",95,0,95,734,44792,24183,53.99,12.94
"2015/16"," Veterinärmedizin","Frau",639,0,639,734,44792,20609,46.01,87.06
"2015/16"," Pharmazie","Mann",0,154,154,469,44792,24183,53.99,32.84
"2015/16"," Pharmazie","Frau",0,315,315,469,44792,20609,46.01,67.16
"2015/16"," Medizin und Pharmazie","Mann",13,0,13,53,44792,24183,53.99,24.53
"2015/16"," Medizin und Pharmazie","Frau",40,0,40,53,44792,20609,46.01,75.47
"2015/16"," Bauwesen und Geodäsie","Mann",0,2239,2239,3477,44792,24183,53.99,64.39
"2015/16"," Bauwesen und Geodäsie","Frau",0,1238,1238,3477,44792,20609,46.01,35.61
"2015/16"," Maschinen- und Elektroingenieurwissenschaften","Mann",0,4340,4340,5079,44792,24183,53.99,85.45
"2015/16"," Maschinen- und Elektroingenieurwissenschaften","Frau",0,739,739,5079,44792,20609,46.01,14.55
"2015/16"," Agrar- und Forstwissenschaften","Mann",0,317,317,877,44792,24183,53.99,36.15
"2015/16"," Agrar- und Forstwissenschaften","Frau",0,560,560,877,44792,20609,46.01,63.85
"2015/16"," Technische Wissenschaften","Mann",0,1013,1013,1742,44792,24183,53.99,58.15
"2015/16"," Technische Wissenschaften","Frau",0,729,729,1742,44792,20609,46.01,41.85
"2015/16"," Interdisziplinäre und Andere","Mann",28,95,123,265,44792,24183,53.99,46.42
"2015/16"," Interdisziplinäre und Andere","Frau",63,79,142,265,44792,20609,46.01,53.58
"2014/15"," Theologie","Mann",102,0,102,268,44521,23917,53.72,38.06
"2014/15"," Theologie","Frau",166,0,166,268,44521,20604,46.28,61.94
"2014/15"," Sprach- und Literaturwissenschaften","Mann",778,0,778,2746,44521,23917,53.72,28.33
"2014/15"," Sprach- und Literaturwissenschaften","Frau",1968,0,1968,2746,44521,20604,46.28,71.67
"2014/15"," Historische und Kulturwissenschaften","Mann",1156,33,1189,2827,44521,23917,53.72,42.06
"2014/15"," Historische und Kulturwissenschaften","Frau",1625,13,1638,2827,44521,20604,46.28,57.94
"2014/15"," Sozialwissenschaften","Mann",1524,34,1558,5158,44521,23917,53.72,30.21
"2014/15"," Sozialwissenschaften","Frau",3581,19,3600,5158,44521,20604,46.28,69.79
"2014/15"," Geistes- und Sozialwissenschaften","Mann",161,60,221,499,44521,23917,53.72,44.29
"2014/15"," Geistes- und Sozialwissenschaften","Frau",241,37,278,499,44521,20604,46.28,55.71
"2014/15"," Wirtschaftswissenschaften","Mann",2412,0,2412,3451,44521,23917,53.72,69.89
"2014/15"," Wirtschaftswissenschaften","Frau",1039,0,1039,3451,44521,20604,46.28,30.11
"2014/15"," Recht","Mann",1646,0,1646,3778,44521,23917,53.72,43.57
"2014/15"," Recht","Frau",2132,0,2132,3778,44521,20604,46.28,56.43
"2014/15"," Exakte Wissenschaften","Mann",643,2643,3286,4108,44521,23917,53.72,79.99
"2014/15"," Exakte Wissenschaften","Frau",278,544,822,4108,44521,20604,46.28,20.01
"2014/15"," Naturwissenschaften","Mann",1437,1428,2865,5386,44521,23917,53.72,53.19
"2014/15"," Naturwissenschaften","Frau",1609,912,2521,5386,44521,20604,46.28,46.81
"2014/15"," Exakte und Naturwissenschaften","Mann",0,452,452,938,44521,23917,53.72,48.19
"2014/15"," Exakte und Naturwissenschaften","Frau",0,486,486,938,44521,20604,46.28,51.81
"2014/15"," Humanmedizin","Mann",1128,0,1128,2549,44521,23917,53.72,44.25
"2014/15"," Humanmedizin","Frau",1421,0,1421,2549,44521,20604,46.28,55.75
"2014/15"," Zahnmedizin","Mann",164,0,164,427,44521,23917,53.72,38.41
"2014/15"," Zahnmedizin","Frau",263,0,263,427,44521,20604,46.28,61.59
"2014/15"," Veterinärmedizin","Mann",90,0,90,697,44521,23917,53.72,12.91
"2014/15"," Veterinärmedizin","Frau",607,0,607,697,44521,20604,46.28,87.09
"2014/15"," Pharmazie","Mann",0,164,164,506,44521,23917,53.72,32.41
"2014/15"," Pharmazie","Frau",0,342,342,506,44521,20604,46.28,67.59
"2014/15"," Medizin und Pharmazie","Mann",17,6,23,70,44521,23917,53.72,32.86
"2014/15"," Medizin und Pharmazie","Frau",46,1,47,70,44521,20604,46.28,67.14
"2014/15"," Bauwesen und Geodäsie","Mann",0,2244,2244,3462,44521,23917,53.72,64.82
"2014/15"," Bauwesen und Geodäsie","Frau",0,1218,1218,3462,44521,20604,46.28,35.18
"2014/15"," Maschinen- und Elektroingenieurwissenschaften","Mann",0,4226,4226,4924,44521,23917,53.72,85.82
"2014/15"," Maschinen- und Elektroingenieurwissenschaften","Frau",0,698,698,4924,44521,20604,46.28,14.18
"2014/15"," Agrar- und Forstwissenschaften","Mann",0,306,306,836,44521,23917,53.72,36.6
"2014/15"," Agrar- und Forstwissenschaften","Frau",0,530,530,836,44521,20604,46.28,63.4
"2014/15"," Technische Wissenschaften","Mann",0,890,890,1544,44521,23917,53.72,57.64
"2014/15"," Technische Wissenschaften","Frau",0,654,654,1544,44521,20604,46.28,42.36
"2014/15"," Interdisziplinäre und Andere","Mann",39,134,173,347,44521,23917,53.72,49.86
"2014/15"," Interdisziplinäre und Andere","Frau",63,111,174,347,44521,20604,46.28,50.14
"2013/14"," Theologie","Mann",105,0,105,260,44037,23678,53.77,40.38
"2013/14"," Theologie","Frau",155,0,155,260,44037,20359,46.23,59.62
"2013/14"," Sprach- und Literaturwissenschaften","Mann",811,0,811,2844,44037,23678,53.77,28.52
"2013/14"," Sprach- und Literaturwissenschaften","Frau",2033,0,2033,2844,44037,20359,46.23,71.48
"2013/14"," Historische und Kulturwissenschaften","Mann",1175,32,1207,2842,44037,23678,53.77,42.47
"2013/14"," Historische und Kulturwissenschaften","Frau",1624,11,1635,2842,44037,20359,46.23,57.53
"2013/14"," Sozialwissenschaften","Mann",1580,33,1613,5256,44037,23678,53.77,30.69
"2013/14"," Sozialwissenschaften","Frau",3629,14,3643,5256,44037,20359,46.23,69.31
"2013/14"," Geistes- und Sozialwissenschaften","Mann",192,57,249,554,44037,23678,53.77,44.95
"2013/14"," Geistes- und Sozialwissenschaften","Frau",269,36,305,554,44037,20359,46.23,55.05
"2013/14"," Wirtschaftswissenschaften","Mann",2459,0,2459,3566,44037,23678,53.77,68.96
"2013/14"," Wirtschaftswissenschaften","Frau",1107,0,1107,3566,44037,20359,46.23,31.04
"2013/14"," Recht","Mann",1626,0,1626,3687,44037,23678,53.77,44.1
"2013/14"," Recht","Frau",2061,0,2061,3687,44037,20359,46.23,55.9
"2013/14"," Exakte Wissenschaften","Mann",616,2528,3144,3917,44037,23678,53.77,80.27
"2013/14"," Exakte Wissenschaften","Frau",250,523,773,3917,44037,20359,46.23,19.73
"2013/14"," Naturwissenschaften","Mann",1441,1402,2843,5316,44037,23678,53.77,53.48
"2013/14"," Naturwissenschaften","Frau",1540,933,2473,5316,44037,20359,46.23,46.52
"2013/14"," Exakte und Naturwissenschaften","Mann",0,430,430,919,44037,23678,53.77,46.79
"2013/14"," Exakte und Naturwissenschaften","Frau",0,489,489,919,44037,20359,46.23,53.21
"2013/14"," Humanmedizin","Mann",1083,0,1083,2433,44037,23678,53.77,44.51
"2013/14"," Humanmedizin","Frau",1350,0,1350,2433,44037,20359,46.23,55.49
"2013/14"," Zahnmedizin","Mann",168,0,168,429,44037,23678,53.77,39.16
"2013/14"," Zahnmedizin","Frau",261,0,261,429,44037,20359,46.23,60.84
"2013/14"," Veterinärmedizin","Mann",101,0,101,671,44037,23678,53.77,15.05
"2013/14"," Veterinärmedizin","Frau",570,0,570,671,44037,20359,46.23,84.95
"2013/14"," Pharmazie","Mann",0,164,164,493,44037,23678,53.77,33.27
"2013/14"," Pharmazie","Frau",0,329,329,493,44037,20359,46.23,66.73
"2013/14"," Medizin und Pharmazie","Mann",19,9,28,75,44037,23678,53.77,37.33
"2013/14"," Medizin und Pharmazie","Frau",44,3,47,75,44037,20359,46.23,62.67
"2013/14"," Bauwesen und Geodäsie","Mann",0,2274,2274,3512,44037,23678,53.77,64.75
"2013/14"," Bauwesen und Geodäsie","Frau",0,1238,1238,3512,44037,20359,46.23,35.25
"2013/14"," Maschinen- und Elektroingenieurwissenschaften","Mann",0,4091,4091,4723,44037,23678,53.77,86.62
"2013/14"," Maschinen- und Elektroingenieurwissenschaften","Frau",0,632,632,4723,44037,20359,46.23,13.38
"2013/14"," Agrar- und Forstwissenschaften","Mann",0,300,300,786,44037,23678,53.77,38.17
"2013/14"," Agrar- und Forstwissenschaften","Frau",0,486,486,786,44037,20359,46.23,61.83
"2013/14"," Technische Wissenschaften","Mann",0,805,805,1359,44037,23678,53.77,59.23
"2013/14"," Technische Wissenschaften","Frau",0,554,554,1359,44037,20359,46.23,40.77
"2013/14"," Interdisziplinäre und Andere","Mann",27,150,177,395,44037,23678,53.77,44.81
"2013/14"," Interdisziplinäre und Andere","Frau",59,159,218,395,44037,20359,46.23,55.19
"2012/13"," Theologie","Mann",116,0,116,286,43660,23396,53.59,40.56
"2012/13"," Theologie","Frau",170,0,170,286,43660,20264,46.41,59.44
"2012/13"," Sprach- und Literaturwissenschaften","Mann",811,0,811,2882,43660,23396,53.59,28.14
"2012/13"," Sprach- und Literaturwissenschaften","Frau",2071,0,2071,2882,43660,20264,46.41,71.86
"2012/13"," Historische und Kulturwissenschaften","Mann",1267,27,1294,2986,43660,23396,53.59,43.34
"2012/13"," Historische und Kulturwissenschaften","Frau",1682,10,1692,2986,43660,20264,46.41,56.66
"2012/13"," Sozialwissenschaften","Mann",1627,30,1657,5448,43660,23396,53.59,30.41
"2012/13"," Sozialwissenschaften","Frau",3769,22,3791,5448,43660,20264,46.41,69.59
"2012/13"," Geistes- und Sozialwissenschaften","Mann",211,53,264,580,43660,23396,53.59,45.52
"2012/13"," Geistes- und Sozialwissenschaften","Frau",276,40,316,580,43660,20264,46.41,54.48
"2012/13"," Wirtschaftswissenschaften","Mann",2440,0,2440,3505,43660,23396,53.59,69.61
"2012/13"," Wirtschaftswissenschaften","Frau",1065,0,1065,3505,43660,20264,46.41,30.39
"2012/13"," Recht","Mann",1595,0,1595,3549,43660,23396,53.59,44.94
"2012/13"," Recht","Frau",1954,0,1954,3549,43660,20264,46.41,55.06
"2012/13"," Exakte Wissenschaften","Mann",570,2437,3007,3753,43660,23396,53.59,80.12
"2012/13"," Exakte Wissenschaften","Frau",238,508,746,3753,43660,20264,46.41,19.88
"2012/13"," Naturwissenschaften","Mann",1401,1380,2781,5241,43660,23396,53.59,53.06
"2012/13"," Naturwissenschaften","Frau",1524,936,2460,5241,43660,20264,46.41,46.94
"2012/13"," Exakte und Naturwissenschaften","Mann",0,476,476,974,43660,23396,53.59,48.87
"2012/13"," Exakte und Naturwissenschaften","Frau",0,498,498,974,43660,20264,46.41,51.13
"2012/13"," Humanmedizin","Mann",1037,0,1037,2355,43660,23396,53.59,44.03
"2012/13"," Humanmedizin","Frau",1318,0,1318,2355,43660,20264,46.41,55.97
"2012/13"," Zahnmedizin","Mann",161,0,161,421,43660,23396,53.59,38.24
"2012/13"," Zahnmedizin","Frau",260,0,260,421,43660,20264,46.41,61.76
"2012/13"," Veterinärmedizin","Mann",106,0,106,656,43660,23396,53.59,16.16
"2012/13"," Veterinärmedizin","Frau",550,0,550,656,43660,20264,46.41,83.84
"2012/13"," Pharmazie","Mann",0,168,168,521,43660,23396,53.59,32.25
"2012/13"," Pharmazie","Frau",0,353,353,521,43660,20264,46.41,67.75
"2012/13"," Medizin und Pharmazie","Mann",18,16,34,80,43660,23396,53.59,42.5
"2012/13"," Medizin und Pharmazie","Frau",38,8,46,80,43660,20264,46.41,57.5
"2012/13"," Bauwesen und Geodäsie","Mann",0,2283,2283,3531,43660,23396,53.59,64.66
"2012/13"," Bauwesen und Geodäsie","Frau",0,1248,1248,3531,43660,20264,46.41,35.34
"2012/13"," Maschinen- und Elektroingenieurwissenschaften","Mann",0,3935,3935,4524,43660,23396,53.59,86.98
"2012/13"," Maschinen- und Elektroingenieurwissenschaften","Frau",0,589,589,4524,43660,20264,46.41,13.02
"2012/13"," Agrar- und Forstwissenschaften","Mann",0,304,304,767,43660,23396,53.59,39.63
"2012/13"," Agrar- und Forstwissenschaften","Frau",0,463,463,767,43660,20264,46.41,60.37
"2012/13"," Technische Wissenschaften","Mann",0,703,703,1127,43660,23396,53.59,62.38
"2012/13"," Technische Wissenschaften","Frau",0,424,424,1127,43660,20264,46.41,37.62
"2012/13"," Interdisziplinäre und Andere","Mann",31,193,224,474,43660,23396,53.59,47.26
"2012/13"," Interdisziplinäre und Andere","Frau",45,205,250,474,43660,20264,46.41,52.74
"2011/12"," Theologie","Mann",117,0,117,276,42976,22962,53.43,42.39
"2011/12"," Theologie","Frau",159,0,159,276,42976,20014,46.57,57.61
"2011/12"," Sprach- und Literaturwissenschaften","Mann",816,0,816,2936,42976,22962,53.43,27.79
"2011/12"," Sprach- und Literaturwissenschaften","Frau",2120,0,2120,2936,42976,20014,46.57,72.21
"2011/12"," Historische und Kulturwissenschaften","Mann",1310,26,1336,3076,42976,22962,53.43,43.43
"2011/12"," Historische und Kulturwissenschaften","Frau",1730,10,1740,3076,42976,20014,46.57,56.57
"2011/12"," Sozialwissenschaften","Mann",1740,31,1771,5698,42976,22962,53.43,31.08
"2011/12"," Sozialwissenschaften","Frau",3895,32,3927,5698,42976,20014,46.57,68.92
"2011/12"," Geistes- und Sozialwissenschaften","Mann",193,50,243,538,42976,22962,53.43,45.17
"2011/12"," Geistes- und Sozialwissenschaften","Frau",253,42,295,538,42976,20014,46.57,54.83
"2011/12"," Wirtschaftswissenschaften","Mann",2309,0,2309,3290,42976,22962,53.43,70.18
"2011/12"," Wirtschaftswissenschaften","Frau",981,0,981,3290,42976,20014,46.57,29.82
"2011/12"," Recht","Mann",1604,0,1604,3504,42976,22962,53.43,45.78
"2011/12"," Recht","Frau",1900,0,1900,3504,42976,20014,46.57,54.22
"2011/12"," Exakte Wissenschaften","Mann",570,2416,2986,3695,42976,22962,53.43,80.81
"2011/12"," Exakte Wissenschaften","Frau",219,490,709,3695,42976,20014,46.57,19.19
"2011/12"," Naturwissenschaften","Mann",1382,1321,2703,5086,42976,22962,53.43,53.15
"2011/12"," Naturwissenschaften","Frau",1460,923,2383,5086,42976,20014,46.57,46.85
"2011/12"," Exakte und Naturwissenschaften","Mann",0,501,501,1032,42976,22962,53.43,48.55
"2011/12"," Exakte und Naturwissenschaften","Frau",0,531,531,1032,42976,20014,46.57,51.45
"2011/12"," Humanmedizin","Mann",1007,0,1007,2245,42976,22962,53.43,44.86
"2011/12"," Humanmedizin","Frau",1238,0,1238,2245,42976,20014,46.57,55.14
"2011/12"," Zahnmedizin","Mann",160,0,160,433,42976,22962,53.43,36.95
"2011/12"," Zahnmedizin","Frau",273,0,273,433,42976,20014,46.57,63.05
"2011/12"," Veterinärmedizin","Mann",110,0,110,663,42976,22962,53.43,16.59
"2011/12"," Veterinärmedizin","Frau",553,0,553,663,42976,20014,46.57,83.41
"2011/12"," Pharmazie","Mann",0,175,175,547,42976,22962,53.43,31.99
"2011/12"," Pharmazie","Frau",0,372,372,547,42976,20014,46.57,68.01
"2011/12"," Medizin und Pharmazie","Mann",21,16,37,88,42976,22962,53.43,42.05
"2011/12"," Medizin und Pharmazie","Frau",41,10,51,88,42976,20014,46.57,57.95
"2011/12"," Bauwesen und Geodäsie","Mann",0,2211,2211,3430,42976,22962,53.43,64.46
"2011/12"," Bauwesen und Geodäsie","Frau",0,1219,1219,3430,42976,20014,46.57,35.54
"2011/12"," Maschinen- und Elektroingenieurwissenschaften","Mann",0,3796,3796,4376,42976,22962,53.43,86.75
"2011/12"," Maschinen- und Elektroingenieurwissenschaften","Frau",0,580,580,4376,42976,20014,46.57,13.25
"2011/12"," Agrar- und Forstwissenschaften","Mann",0,281,281,747,42976,22962,53.43,37.62
"2011/12"," Agrar- und Forstwissenschaften","Frau",0,466,466,747,42976,20014,46.57,62.38
"2011/12"," Technische Wissenschaften","Mann",0,530,530,756,42976,22962,53.43,70.11
"2011/12"," Technische Wissenschaften","Frau",0,226,226,756,42976,20014,46.57,29.89
"2011/12"," Interdisziplinäre und Andere","Mann",33,236,269,560,42976,22962,53.43,48.04
"2011/12"," Interdisziplinäre und Andere","Frau",35,256,291,560,42976,20014,46.57,51.96
"2010/11"," Theologie","Mann",124,0,124,277,42118,22424,53.24,44.77
"2010/11"," Theologie","Frau",153,0,153,277,42118,19694,46.76,55.23
"2010/11"," Sprach- und Literaturwissenschaften","Mann",819,0,819,2921,42118,22424,53.24,28.04
"2010/11"," Sprach- und Literaturwissenschaften","Frau",2102,0,2102,2921,42118,19694,46.76,71.96
"2010/11"," Historische und Kulturwissenschaften","Mann",1299,17,1316,2975,42118,22424,53.24,44.24
"2010/11"," Historische und Kulturwissenschaften","Frau",1651,8,1659,2975,42118,19694,46.76,55.76
"2010/11"," Sozialwissenschaften","Mann",1816,31,1847,5787,42118,22424,53.24,31.92
"2010/11"," Sozialwissenschaften","Frau",3914,26,3940,5787,42118,19694,46.76,68.08
"2010/11"," Geistes- und Sozialwissenschaften","Mann",242,36,278,644,42118,22424,53.24,43.17
"2010/11"," Geistes- und Sozialwissenschaften","Frau",322,44,366,644,42118,19694,46.76,56.83
"2010/11"," Wirtschaftswissenschaften","Mann",2204,0,2204,3127,42118,22424,53.24,70.48
"2010/11"," Wirtschaftswissenschaften","Frau",923,0,923,3127,42118,19694,46.76,29.52
"2010/11"," Recht","Mann",1737,3,1740,3726,42118,22424,53.24,46.7
"2010/11"," Recht","Frau",1981,5,1986,3726,42118,19694,46.76,53.3
"2010/11"," Exakte Wissenschaften","Mann",528,2259,2787,3433,42118,22424,53.24,81.18
"2010/11"," Exakte Wissenschaften","Frau",193,453,646,3433,42118,19694,46.76,18.82
"2010/11"," Naturwissenschaften","Mann",1345,1341,2686,5067,42118,22424,53.24,53.01
"2010/11"," Naturwissenschaften","Frau",1454,927,2381,5067,42118,19694,46.76,46.99
"2010/11"," Exakte und Naturwissenschaften","Mann",31,525,556,1096,42118,22424,53.24,50.73
"2010/11"," Exakte und Naturwissenschaften","Frau",16,524,540,1096,42118,19694,46.76,49.27
"2010/11"," Humanmedizin","Mann",956,0,956,2129,42118,22424,53.24,44.9
"2010/11"," Humanmedizin","Frau",1173,0,1173,2129,42118,19694,46.76,55.1
"2010/11"," Zahnmedizin","Mann",140,0,140,401,42118,22424,53.24,34.91
"2010/11"," Zahnmedizin","Frau",261,0,261,401,42118,19694,46.76,65.09
"2010/11"," Veterinärmedizin","Mann",107,0,107,650,42118,22424,53.24,16.46
"2010/11"," Veterinärmedizin","Frau",543,0,543,650,42118,19694,46.76,83.54
"2010/11"," Pharmazie","Mann",0,157,157,518,42118,22424,53.24,30.31
"2010/11"," Pharmazie","Frau",0,361,361,518,42118,19694,46.76,69.69
"2010/11"," Medizin und Pharmazie","Mann",19,8,27,60,42118,22424,53.24,45
"2010/11"," Medizin und Pharmazie","Frau",26,7,33,60,42118,19694,46.76,55
"2010/11"," Bauwesen und Geodäsie","Mann",0,2077,2077,3235,42118,22424,53.24,64.2
"2010/11"," Bauwesen und Geodäsie","Frau",0,1158,1158,3235,42118,19694,46.76,35.8
"2010/11"," Maschinen- und Elektroingenieurwissenschaften","Mann",0,3600,3600,4173,42118,22424,53.24,86.27
"2010/11"," Maschinen- und Elektroingenieurwissenschaften","Frau",0,573,573,4173,42118,19694,46.76,13.73
"2010/11"," Agrar- und Forstwissenschaften","Mann",0,282,282,723,42118,22424,53.24,39
"2010/11"," Agrar- und Forstwissenschaften","Frau",0,441,441,723,42118,19694,46.76,61
"2010/11"," Technische Wissenschaften","Mann",0,388,388,505,42118,22424,53.24,76.83
"2010/11"," Technische Wissenschaften","Frau",0,117,117,505,42118,19694,46.76,23.17
"2010/11"," Interdisziplinäre und Andere","Mann",29,304,333,671,42118,22424,53.24,49.63
"2010/11"," Interdisziplinäre und Andere","Frau",26,312,338,671,42118,19694,46.76,50.37
"2009/10"," Theologie","Mann",105,0,105,256,40886,21788,53.29,41.02
"2009/10"," Theologie","Frau",151,0,151,256,40886,19098,46.71,58.98
"2009/10"," Sprach- und Literaturwissenschaften","Mann",802,0,802,2817,40886,21788,53.29,28.47
"2009/10"," Sprach- und Literaturwissenschaften","Frau",2015,0,2015,2817,40886,19098,46.71,71.53
"2009/10"," Historische und Kulturwissenschaften","Mann",1315,10,1325,2974,40886,21788,53.29,44.55
"2009/10"," Historische und Kulturwissenschaften","Frau",1644,5,1649,2974,40886,19098,46.71,55.45
"2009/10"," Sozialwissenschaften","Mann",1882,29,1911,5851,40886,21788,53.29,32.66
"2009/10"," Sozialwissenschaften","Frau",3922,18,3940,5851,40886,19098,46.71,67.34
"2009/10"," Geistes- und Sozialwissenschaften","Mann",246,30,276,686,40886,21788,53.29,40.23
"2009/10"," Geistes- und Sozialwissenschaften","Frau",379,31,410,686,40886,19098,46.71,59.77
"2009/10"," Wirtschaftswissenschaften","Mann",2280,0,2280,3207,40886,21788,53.29,71.09
"2009/10"," Wirtschaftswissenschaften","Frau",927,0,927,3207,40886,19098,46.71,28.91
"2009/10"," Recht","Mann",1700,12,1712,3644,40886,21788,53.29,46.98
"2009/10"," Recht","Frau",1927,5,1932,3644,40886,19098,46.71,53.02
"2009/10"," Exakte Wissenschaften","Mann",460,2147,2607,3203,40886,21788,53.29,81.39
"2009/10"," Exakte Wissenschaften","Frau",166,430,596,3203,40886,19098,46.71,18.61
"2009/10"," Naturwissenschaften","Mann",1278,1357,2635,4845,40886,21788,53.29,54.39
"2009/10"," Naturwissenschaften","Frau",1326,884,2210,4845,40886,19098,46.71,45.61
"2009/10"," Exakte und Naturwissenschaften","Mann",65,533,598,1129,40886,21788,53.29,52.97
"2009/10"," Exakte und Naturwissenschaften","Frau",38,493,531,1129,40886,19098,46.71,47.03
"2009/10"," Humanmedizin","Mann",902,0,902,2044,40886,21788,53.29,44.13
"2009/10"," Humanmedizin","Frau",1142,0,1142,2044,40886,19098,46.71,55.87
"2009/10"," Zahnmedizin","Mann",154,0,154,411,40886,21788,53.29,37.47
"2009/10"," Zahnmedizin","Frau",257,0,257,411,40886,19098,46.71,62.53
"2009/10"," Veterinärmedizin","Mann",112,0,112,653,40886,21788,53.29,17.15
"2009/10"," Veterinärmedizin","Frau",541,0,541,653,40886,19098,46.71,82.85
"2009/10"," Pharmazie","Mann",0,148,148,498,40886,21788,53.29,29.72
"2009/10"," Pharmazie","Frau",0,350,350,498,40886,19098,46.71,70.28
"2009/10"," Medizin und Pharmazie","Mann",14,21,35,64,40886,21788,53.29,54.69
"2009/10"," Medizin und Pharmazie","Frau",18,11,29,64,40886,19098,46.71,45.31
"2009/10"," Bauwesen und Geodäsie","Mann",0,1890,1890,2930,40886,21788,53.29,64.51
"2009/10"," Bauwesen und Geodäsie","Frau",0,1040,1040,2930,40886,19098,46.71,35.49
"2009/10"," Maschinen- und Elektroingenieurwissenschaften","Mann",0,3431,3431,3953,40886,21788,53.29,86.79
"2009/10"," Maschinen- und Elektroingenieurwissenschaften","Frau",0,522,522,3953,40886,19098,46.71,13.21
"2009/10"," Agrar- und Forstwissenschaften","Mann",0,258,258,677,40886,21788,53.29,38.11
"2009/10"," Agrar- und Forstwissenschaften","Frau",0,419,419,677,40886,19098,46.71,61.89
"2009/10"," Technische Wissenschaften","Mann",0,300,300,396,40886,21788,53.29,75.76
"2009/10"," Technische Wissenschaften","Frau",0,96,96,396,40886,19098,46.71,24.24
"2009/10"," Interdisziplinäre und Andere","Mann",21,286,307,648,40886,21788,53.29,47.38
"2009/10"," Interdisziplinäre und Andere","Frau",26,315,341,648,40886,19098,46.71,52.62
